<?xml version="1.0" encoding="UTF-8"?>
<component xmlns="http://www.opensource-socialnetwork.org/v/3.0">
    <name>18Years</name>
    <id>18Years</id>
    <author>Softlab24</author>
    <description>Set minimum age to 18 years old on signup form.</description>
    <license>OPEN SOURCE SOCIAL NETWORK LICENSE (OSSN LICENSE)</license>
    <author_url>https://www.softlab24.com/</author_url>
    <license_url>https://www.opensource-socialnetwork.org/licence/</license_url>
    <version>2.0</version>
	<requires>
		<type>ossn_version</type>
		<version>5.0</version>
	</requires>
</component>