<?xml version="1.0" encoding="UTF-8"?>
<component xmlns="http://www.opensource-socialnetwork.org/v/3.0">
    <name>Google Analytics</name>
    <id>google_analytics</id>
    <author>Core Team</author>
    <description>Adds Google Analytics code to your site.</description>
    <license>Open Source Social Network License (OSSN LICENSE)</license>
    <author_url>http://www.opensource-socialnetwork.org</author_url>
    <license_url>http://www.opensource-socialnetwork.org/licence/</license_url>
    <version>1.2</version>
	<requires>
		<type>ossn_version</type>
		<version>5.2</version>
	</requires>
</component>
